1,Architecture,2,1,NULL,NULL
2,Plastic Arts,2,1,NULL,NULL
3,International Business Managemnet ,2,2,NULL,NULL
4,Tourism Management,2,2,NULL,NULL
5,International Relations ,2,3,NULL,NULL
6,Political Sciences And Public Administration,2,3,NULL,NULL
7,Law,2,4,NULL,NULL
8,Plastic Arts,2,5,NULL,NULL
9,Photography,2,5,NULL,NULL
10,Ceramics,2,5,NULL,NULL
11,film Design & Directing ,2,5,NULL,NULL
12,Archaeoloy And History Of Arts,2,5,NULL,NULL
13,Architecture,2,6,NULL,NULL
14,Interior Architecture and Environmental Design,2,6,NULL,NULL
15,Industrial Design,2,6,NULL,NULL
16,Urban Design and Landscape Architecture*,2,6,NULL,NULL
17,Digital Game Design,2,7,NULL,NULL
18,Visual Communication Design,2,7,NULL,NULL
19,New Media & Communication ,2,7,NULL,NULL
20,Advertising Design & Communication,2,7,NULL,NULL
21,Communication Design And Management,2,7,NULL,NULL
22,Contemporary Dance*,2,8,NULL,NULL
23,Acting*,2,8,NULL,NULL
24,Sound Arts and Design*,2,8,NULL,NULL
25,Art,3,5,NULL,NULL
26,Architectural Design ,3,6,NULL,NULL
27,Communication Studies,3,7,NULL,NULL
28,Architectural ,4,6,NULL,NULL
29,Arts And Culture,4,5,NULL,NULL
30,Management,4,7,NULL,NULL
31,Computer Programming,1,9,NULL,NULL
32,Test Programcilik,1,9,NULL,NULL
33,Business Management,1,9,NULL,NULL
34,First and Emergency Aid,1,10,NULL,NULL
35,Anesthesia,1,10,NULL,NULL
36,Audiometry,1,10,NULL,NULL
37,Medical Documentation & Secretarial Services,1,10,NULL,NULL
38,Pefusions,1,10,NULL,NULL
39,Justice,1,11,NULL,NULL
40,Civil Aviation Cabin Services,2,12,NULL,NULL
41,Business Administration,2,13,NULL,NULL
42,Polotical Science And International Relations,2,13,NULL,NULL
43,Psychology,2,13,NULL,NULL
44,Banking And Finance,2,13,NULL,NULL
45,Management Information Sysytems,2,13,NULL,NULL
46,Economy,2,13,NULL,NULL
47,Social Work,2,13,NULL,NULL
48,Computer Engineering ,2,14,NULL,NULL
49,Computer Engineering ( CyberSecurity),2,14,NULL,NULL
50,Computer Engineering ( AI),2,14,NULL,NULL
51,Civil Engineering,2,14,NULL,NULL
52,Architecture,2,14,NULL,NULL
53,Electrical and Electronics Engineering,2,14,NULL,NULL
54,Software Engineering,2,14,NULL,NULL
55,Industrial Engineering,2,14,NULL,NULL
56,Law LL.B. ,2,4,NULL,NULL
57,English Language Teaching,2,15,NULL,NULL
58,Tourism And Hotel Management,2,16,NULL,NULL
59,Gastronomy and Culinary Arts,2,16,NULL,NULL
60,Nursing,2,17,NULL,NULL
61,Pharmacy,2,18,NULL,NULL
62,Political Sciences And International Relations,3,13,NULL,NULL
63,Business Administration ,3,13,NULL,NULL
64,Public Administration,3,13,NULL,NULL
65,Architecture,3,14,NULL,NULL
66,Computer Engineering ,3,14,NULL,NULL
67,Blockchain Technologies,3,14,NULL,NULL
68,Management Information Systems,3,14,NULL,NULL
69,International and Comparative Law,3,4,NULL,NULL
70,Healthcare Management,3,17,NULL,NULL
71,English Language Teaching,3,15,NULL,NULL
72,Political Sciences And International Relations,4,13,NULL,NULL
73,Business Administration ,4,13,NULL,NULL
74,Public Administration,4,13,NULL,NULL
75,Architecture,4,14,NULL,NULL
76,Computer Engineering,4,14,NULL,NULL
77,Management Information Systems,4,14,NULL,NULL
78,International And Comparative Law,4,4,NULL,NULL
79,Computer technology And Programming,1,9,NULL,NULL
80,Construction Technology,1,9,NULL,NULL
81,First and Emergency Aid,1,9,NULL,NULL
82,Public Relations And Advertising,1,9,NULL,NULL
83,Radio & TV Programming,1,9,NULL,NULL
84,Plant Production And technologies,2,19,NULL,NULL
85,Molecular Biology & Genetics,2,20,NULL,NULL
86,Psychology,2,20,NULL,NULL
87,Translation Science,2,20,NULL,NULL
88,Advertising And Public Relations,2,7,NULL,NULL
89,Journalism,2,7,NULL,NULL
90,Radio And Television,2,7,NULL,NULL
91,Visual Communication Design,2,7,NULL,NULL
92,Accounting & Finance,2,21,NULL,NULL
93,Business Administration,2,21,NULL,NULL
94,International Relations,2,21,NULL,NULL
95,Digital Media And Marketing,2,21,NULL,NULL
96,Economics,2,21,NULL,NULL
97,English Language teaching,2,22,NULL,NULL
98,BioEngineering,2,14,NULL,NULL
99,Biomedical Engineering,2,14,NULL,NULL
100,Civil Engineering,2,14,NULL,NULL
101,Computer Engineering,2,14,NULL,NULL
102,Electrical & Electronics Engineering,2,14,NULL,NULL
103,Energy Systems Engineering,2,14,NULL,NULL
104,Environmental Engineering,2,14,NULL,NULL
105,Industrial Engineering,2,14,NULL,NULL
106,Information Systems Engineering,2,14,NULL,NULL
107,Mechanical Engineering,2,14,NULL,NULL
108,Mechatronis Engineering,2,14,NULL,NULL
109,Medical Engineering,2,14,NULL,NULL
110,Petroleum and Natural Gas Engineering,2,14,NULL,NULL
111,Software Engineering,2,14,NULL,NULL
112,Architecture,2,23,NULL,NULL
113,Graphic Design,2,23,NULL,NULL
114,Interior Design,2,23,NULL,NULL
115,Nursing,2,17,NULL,NULL
116,Social Work ,2,17,NULL,NULL
117,Physiotherapy and Rehabilitation,2,17,NULL,NULL
118,International Law (LLB),2,4,NULL,NULL
119,Medicine,2,24,NULL,NULL
120,Dentistry,2,25,NULL,NULL
121,Pharmacy(Pharm.D),2,18,NULL,NULL
122,Information Technology,2,26,NULL,NULL
123,Management Information Systems,2,26,NULL,NULL
124,Computer Technologies And Programming ,2,26,NULL,NULL
125,Tourism And Hotel Management,2,27,NULL,NULL
126,Gastronomy & Cullinary Arts,2,27,NULL,NULL
127,Accounting And Finance,3,28,NULL,NULL
128,Architecture,3,28,NULL,NULL
129,Bioengineering,3,28,NULL,NULL
130,Bsiness Administration,3,28,NULL,NULL
131,Chemistry ,3,28,NULL,NULL
132,Civil Engineering,3,28,NULL,NULL
133,Communication and Media Studies,3,28,NULL,NULL
134,Computer Engineering ,3,28,NULL,NULL
135,Economy,3,28,NULL,NULL
136,Electrical And Electronics Engineering,3,28,NULL,NULL
137,Energy Systems Engineering,3,28,NULL,NULL
138,Engineering Management ,3,28,NULL,NULL
139,English Language And Literature,3,28,NULL,NULL
140,English Language Teaching,3,28,NULL,NULL
141,Environmental Engineering,3,28,NULL,NULL
142,Environmental Sciences,3,28,NULL,NULL
143,Graphic Design,3,28,NULL,NULL
144,Health Care Organization Management,3,28,NULL,NULL
145,Information Systems Engineering,3,28,NULL,NULL
146,Information Technology,3,28,NULL,NULL
147,Interior Design,3,28,NULL,NULL
148,International Banking And Finance,3,28,NULL,NULL
149,International LAw,3,28,NULL,NULL
150,International Relations,3,28,NULL,NULL
151,Management Information Systems,3,28,NULL,NULL
152,Marketing Management,3,28,NULL,NULL
153,Pharmacognosy,3,28,NULL,NULL
154,Plant Sciences and Technologies,3,28,NULL,NULL
155,Tourism And Hospitality Management ,3,28,NULL,NULL
156,Architecture,4,28,NULL,NULL
157,Bioengineering,4,28,NULL,NULL
158,Business Administration,4,28,NULL,NULL
159,Civil Engineering,4,28,NULL,NULL
160,Communication and Media Studies,4,28,NULL,NULL
161,Computer Engineering,4,28,NULL,NULL
162,Electrical And Electronics Engineering,4,28,NULL,NULL
163,Energy Systems Engineering,4,28,NULL,NULL
164,English Language Teaching,4,28,NULL,NULL
165,Environmental Engineering,4,28,NULL,NULL
166,Environmental Sciences,4,28,NULL,NULL
167,International Relations,4,28,NULL,NULL
168,Management Information Systems,4,28,NULL,NULL
169,Tourism Management ,4,28,NULL,NULL
170,Physiotherapy,1,10,NULL,NULL
171,First and Emergency Aid,1,10,NULL,NULL
172,Opticianry,1,10,NULL,NULL
173,Logistics,1,29,NULL,NULL
174,Tourist Guidance,1,29,NULL,NULL
175,Justice,1,11,NULL,NULL
176,Aviation Ground Service Management,1,30,NULL,NULL
177,Civil Aviation Cabin Services,1,30,NULL,NULL
178,Culinary Arts,1,31,NULL,NULL
179,Computer Engineering ,2,14,NULL,NULL
180,Electrical and Electronics Engineering,2,14,NULL,NULL
181,Mechatronics Engineering,2,14,NULL,NULL
182,Software Engineering,2,14,NULL,NULL
183,Information Security Engineering,2,14,NULL,NULL
184,Buisness Administration ,2,13,NULL,NULL
185,Business Administartion *,2,13,NULL,NULL
186,Banking And Finance,2,13,NULL,NULL
187,Civil Aviation Management,2,13,NULL,NULL
188,International Relations ,2,13,NULL,NULL
189,International Relations *,2,13,NULL,NULL
190,Psychology ,2,13,NULL,NULL
191,Psychology*,2,13,NULL,NULL
192,Political Sciences And Public Administration,2,13,NULL,NULL
193,Tourism And Hotel Management,2,16,NULL,NULL
194,Gastronomy and Culinary Arts*,2,16,NULL,NULL
195,Architecture,2,32,NULL,NULL
196,Interior Architecture and Environmental Design*,2,32,NULL,NULL
197,Nursing ,2,17,NULL,NULL
198,Physiotherapy and Rehabilitation*,2,17,NULL,NULL
199,Law*,2,4,NULL,NULL
200,International Law,2,4,NULL,NULL
201,Psychological Counselling and Guidance*,2,15,NULL,NULL
202,Turkish Language Teaching*,2,15,NULL,NULL
203,Business Administration ,3,13,NULL,NULL
204,Banking And Finance,3,13,NULL,NULL
205,Tourism Management,3,16,NULL,NULL
206,Education management *,3,15,NULL,NULL
207,Physiotherapy and Rehabilitation *,3,17,NULL,NULL
208,Nursing * ,3,17,NULL,NULL
209,Computer Engineering ,3,14,NULL,NULL
210,Business Adminnistration ,4,13,NULL,NULL
211,Education Management And Supervision* ,4,15,NULL,NULL
212,Business Administration ,2,13,NULL,NULL
213,Civil Aviation Management,2,12,NULL,NULL
214,Tourism And Hotel Management,2,16,NULL,NULL
215,Psychology,2,13,NULL,NULL
216,Logistics,2,13,NULL,NULL
217,Computer Engineering,2,14,NULL,NULL
218,Electrical and Electronics Engineering,2,14,NULL,NULL
219,Information Systems Engineering,2,14,NULL,NULL
220,Business Administration,2,13,NULL,NULL
221,Architecture,2,23,NULL,NULL
222,Interior Architecture,2,23,NULL,NULL
223,Actuarial Science*,2,20,NULL,NULL
224,Mathematics & Computer Science*,2,20,NULL,NULL
225,Molecular Biology & Genetics,2,20,NULL,NULL
226,Psychology,2,20,NULL,NULL
227,Chemistry,2,20,NULL,NULL
228,Physics,2,20,NULL,NULL
229,Statistics,2,20,NULL,NULL
230,Computer Education and Instructional Technology,2,15,NULL,NULL
231,Guidance and Psychological Counselling,2,15,NULL,NULL
232,English Language Teaching,2,15,NULL,NULL
233,Civil Engineering,2,14,NULL,NULL
234,Computer Engineering*,2,14,NULL,NULL
235,Software Engineering,2,14,NULL,NULL
236,electrical and Electronics Engineering*,2,14,NULL,NULL
237,Information Systems Engineering*,2,14,NULL,NULL
238,Industrial Engineering*,2,14,NULL,NULL
239,Management Engineering,2,14,NULL,NULL
240,Mechanical Engineering*,2,14,NULL,NULL
241,Mechatronics Engineering,2,14,NULL,NULL
242,Biomedical Engineering,2,14,NULL,NULL
243,Electronics and Communication Engineering,2,14,NULL,NULL
244,Business Administration ,2,2,NULL,NULL
245,Economics,2,2,NULL,NULL
246,International Relations,2,2,NULL,NULL
247,Political Sciences ,2,2,NULL,NULL
248,Public Administration ,2,2,NULL,NULL
249,Accounting & Finance Management ,2,2,NULL,NULL
250,Banking and Finance*,2,2,NULL,NULL
251,Banking and Insurance,2,2,NULL,NULL
252,International Finance,2,2,NULL,NULL
253,International Trade & Business,2,2,NULL,NULL
254,Management Information Systems*,2,2,NULL,NULL
255,Marketing ,2,2,NULL,NULL
256,Human Resources Management ,2,2,NULL,NULL
257,Dental Medicine,2,33,NULL,NULL
258,Nutrition & Dietetics,2,17,NULL,NULL
259,Physiotherapy & Rehabilitation ,2,17,NULL,NULL
260,Nursing ,2,17,NULL,NULL
261,Medicine,2,24,NULL,NULL
262,Pharmacy ( B.Pharm ) ,2,18,NULL,NULL
263,Pharmacy ( D.Pharm ),2,18,NULL,NULL
264,Digital Game Design,2,34,NULL,NULL
265,Public Relations and Advertising,2,34,NULL,NULL
266,Radio-TV and Film Studies,2,34,NULL,NULL
267,Visual Communication Design,2,34,NULL,NULL
268,New Media & Journalism ,2,34,NULL,NULL
269,Tourism Management,2,16,NULL,NULL
270,Gastronomy and Cullinary Arts,2,16,NULL,NULL
271,Recreation Management,2,16,NULL,NULL
272,Tourism and Hospitality Management,2,27,NULL,NULL
273,Civil Aviationa Cabin Services,2,27,NULL,NULL
274,Informaion Technology*,2,36,NULL,NULL
275,Computer Programming and Information technology,2,36,NULL,NULL
276,Business Administration ,3,2,NULL,NULL
277,Economics,3,2,NULL,NULL
278,International Relations,3,2,NULL,NULL
279,Banking And Finance,3,2,NULL,NULL
280,Diplomacy and Conflict Management ,3,2,NULL,NULL
281,Marketing Management,3,2,NULL,NULL
282,Energy Economics and Finance,3,2,NULL,NULL
283,Gender Studies,3,2,NULL,NULL
284,Civil Engineering,3,14,NULL,NULL
285,Computer Engineering ,3,14,NULL,NULL
286,Electrical And Electronic Engineering,3,14,NULL,NULL
287,Industrial Engineering,3,14,NULL,NULL
288,Mechanical Engineering,3,14,NULL,NULL
289,Applied Mathematics & Computer Science,3,20,NULL,NULL
290,Chemistry ,3,20,NULL,NULL
291,Mathematics,3,20,NULL,NULL
292,Physics,3,20,NULL,NULL
293,General Psychology,3,20,NULL,NULL
294,Architecture,3,23,NULL,NULL
295,Interior Architecture,3,23,NULL,NULL
296,Urban design ,3,23,NULL,NULL
297,Cultural heritage Studies,3,23,NULL,NULL
298,Communication & Media Studies,3,34,NULL,NULL
299,English Language Teaching,3,22,NULL,NULL
300,Information & Communication technologies in Education ,3,22,NULL,NULL
301,Tourism Management,3,16,NULL,NULL
302,Informatiom Technology,3,35,NULL,NULL
303,Business Administration ,4,2,NULL,NULL
304,Economics,4,2,NULL,NULL
305,International Relations,4,2,NULL,NULL
306,Banking And Finance,4,2,NULL,NULL
307,Marketing Management,4,2,NULL,NULL
308,HR Management ,4,2,NULL,NULL
309,International trade And Business,4,2,NULL,NULL
310,Computer Engineering,4,14,NULL,NULL
311,Industrial Engineering ,4,14,NULL,NULL
312,Engineering Management ,4,14,NULL,NULL
313,Information Systems,4,20,NULL,NULL
314,Medical Biotechnology,4,20,NULL,NULL
315,Architecture,4,23,NULL,NULL
316,Interior Architecture,4,23,NULL,NULL
317,Urba Design,4,23,NULL,NULL
318,Visual Arts & Communication Design,4,33,NULL,NULL
319,Digital media and Film,4,33,NULL,NULL
320,English Language Teaching,4,22,NULL,NULL
321,Information & Communication technologies in Education ,4,22,NULL,NULL
322,Tourism Management ,4,16,NULL,NULL
323,Comparative Legal Systems,4,4,NULL,NULL
324,Information Technology,4,35,NULL,NULL
325,Business Administration ,2,13,NULL,NULL
326,Digital Marketing & Social Media,2,7,NULL,NULL
327,Tourism Management,2,16,NULL,NULL
328,Business Administration ,3,13,NULL,NULL
329,Accounting And Taxation,1,9,NULL,NULL
330,Accounting And Taxation,1,9,NULL,NULL
331,Anesthesia,1,9,NULL,NULL
332,Alternative Energy And Source Technology,1,9,NULL,NULL
333,Applied English Translation,1,9,NULL,NULL
334,Architectural  Restoration,1,9,NULL,NULL
335,Architectural  Restoration,1,9,NULL,NULL
336,Audiometry Technician,1,9,NULL,NULL
337,Audiometry Technician,1,9,NULL,NULL
338,Automative Technology,1,9,NULL,NULL
339,Banking and Insurance,1,9,NULL,NULL
340,Banking and Insurance,1,9,NULL,NULL
341,Biomedical Device Technology,1,9,NULL,NULL
342,Child Development,1,9,NULL,NULL
343,Computer Programming,1,9,NULL,NULL
344,COmputer Programming,1,9,NULL,NULL
345,Constructionn Technology,1,9,NULL,NULL
346,Constructionn Technology,1,9,NULL,NULL
347,Culinary Arts,1,9,NULL,NULL
348,Dialysis Technician,1,9,NULL,NULL
349,Dialysis Technician,1,9,NULL,NULL
350,Elderly Care,1,9,NULL,NULL
351,Electronuerophysiology Technician,1,9,NULL,NULL
352,Electronic technologies,1,9,NULL,NULL
353,Electronic technologies,1,9,NULL,NULL
354,First And emergencies Assisstance Technique,1,9,NULL,NULL
355,First And Emergencies Assisstance Technique,1,9,NULL,NULL
356,Film Making,1,9,NULL,NULL
357,Foreign Trade,1,9,NULL,NULL
358,Graphic Design,1,9,NULL,NULL
359,Hair Dressing And Beauty care,1,9,NULL,NULL
360,Laboratorian & Veterinary Health Technicians,1,9,NULL,NULL
361,Medical Documentation & Secretarial Services,1,9,NULL,NULL
362,Medical Documentation & Secretarial Services,1,9,NULL,NULL
363,Medical Imaging Technology,1,9,NULL,NULL
364,Medical Imaging Technology,1,9,NULL,NULL
365,Medical Laboratory Technician,1,9,NULL,NULL
366,Midwifery Technician,1,9,NULL,NULL
367,Mouth And Dental Support Personel,1,9,NULL,NULL
368,Mouth And Dental Support Personel,1,9,NULL,NULL
369,Occupational Health And Safety,1,9,NULL,NULL
370,Operating Room Practice,1,9,NULL,NULL
371,Operating Room Practice,1,9,NULL,NULL
372,Opticianry,1,9,NULL,NULL
373,Orthopedic Prothesis Orthosis Technician,1,9,NULL,NULL
374,Pathology Laboratory Technician,1,9,NULL,NULL
375,Pharmaceutical Services,1,9,NULL,NULL
376,Perfusion Techniques,1,9,NULL,NULL
377,Photography And Camraman,1,9,NULL,NULL
378,Physiotherapy Technician,1,9,NULL,NULL
379,Physiotherapy Technician,1,9,NULL,NULL
380,Radio Television Technology,1,9,NULL,NULL
381,Radiotherapy Technician,1,9,NULL,NULL
382,Tourism And Hotel Management,1,9,NULL,NULL
383,Toursim And Hotel Management,1,9,NULL,NULL
384,Visual Communication,1,9,NULL,NULL
385,Computer Technology And Programming (3 Years),1,9,NULL,NULL
386,Electrical And Electronics Technologies (3 Years),1,9,NULL,NULL
387,Construction And Technical Drawing Technologies (3 Years),1,9,NULL,NULL
388,Adult Education teaching,2,36,NULL,NULL
389,Art Teaching,2,36,NULL,NULL
390,Classroom Teaching,2,36,NULL,NULL
391,Computer Education and Instructional Technology,2,36,NULL,NULL
392,English Language Teaching,2,36,NULL,NULL
393,Geography Teaching,2,36,NULL,NULL
394,Hearing Impaired Education Teaching,2,36,NULL,NULL
395,Hairdressing and Beauty Education,2,36,NULL,NULL
396,History Teaching,2,36,NULL,NULL
397,Mathematics Teaching for Elementry schools,2,36,NULL,NULL
398,Mathematics Teachings,2,36,NULL,NULL
399,Music teaching,2,36,NULL,NULL
400,Philosophy Teaching,2,36,NULL,NULL
401,Pre-School Teaching,2,36,NULL,NULL
402,Psychological Counseling And Guidance,2,36,NULL,NULL
403,Psychological Counselling and Guidance,2,36,NULL,NULL
404,Science Teaching,2,36,NULL,NULL
405,Special Education,2,36,NULL,NULL
406,Social Science Teaching,2,36,NULL,NULL
407,Teaching Program For Mentally Disadvantage,2,36,NULL,NULL
408,Technology Desidn Teaching,2,36,NULL,NULL
409,Turkish Language Teaching,2,36,NULL,NULL
410,Architecture,2,23,NULL,NULL
411,Interior Architecture,2,23,NULL,NULL
412,Landscape Architecture,2,23,NULL,NULL
413,English Language and Literature,2,20,NULL,NULL
414,Geography,2,20,NULL,NULL
415,History,2,20,NULL,NULL
416,Mathematics,2,20,NULL,NULL
417,Molecular Biology & Genetics,2,20,NULL,NULL
418,Psychology,2,20,NULL,NULL
419,Translation and Interpretation,2,20,NULL,NULL
420,Turkish Language and Literature,2,20,NULL,NULL
421,Civil Engineering,2,37,NULL,NULL
422,Environmental Engineering,2,37,NULL,NULL
423,Cartoons & Animation,2,7,NULL,NULL
424,Film making & Broadcasting,2,7,NULL,NULL
425,Journalism,2,7,NULL,NULL
426,Public Relations and Advertising,2,7,NULL,NULL
427,Radio-TV and Film Studies,2,7,NULL,NULL
428,Visual Communication Design,2,7,NULL,NULL
429,Dentistry,2,25,NULL,NULL
430,Banking And Finance,2,13,NULL,NULL
431,Banking And Accounting,2,13,NULL,NULL
432,Business Administration ,2,13,NULL,NULL
433,Computer Information Systems,2,13,NULL,NULL
434,Economics,2,13,NULL,NULL
435,European Union Relations,2,13,NULL,NULL
436,Human Resources Management ,2,13,NULL,NULL
437,Insurance And Actuarial Science,2,13,NULL,NULL
438,International Relations,2,13,NULL,NULL
439,International Business Administration ,2,13,NULL,NULL
440,Knowledge Management,2,13,NULL,NULL
441,Marketing ,2,13,NULL,NULL
442,Management Information Systems,2,13,NULL,NULL
443,Political Sciences,2,13,NULL,NULL
444,Public Administration,2,13,NULL,NULL
445,Automotive Engineering,2,14,NULL,NULL
446,Artificial Intelligence Engineering,2,14,NULL,NULL
447,Bio-Engineering,2,14,NULL,NULL
448,Biomedical Engineering,2,14,NULL,NULL
449,Computer Engineering,2,14,NULL,NULL
450,Electrical And Electronic Engineering,2,14,NULL,NULL
451,Food Engineering,2,14,NULL,NULL
452,Industrial Engineering,2,14,NULL,NULL
453,Information Systems Engineering,2,14,NULL,NULL
454,Material Sciences and nanotechnology Engineering,2,14,NULL,NULL
455,Mechanical Engineering,2,14,NULL,NULL
456,Petroleum and Natural Gas Engineering,2,14,NULL,NULL
457,Software Engineering,2,14,NULL,NULL
458,Graphic Design,2,39,NULL,NULL
459,Plastic Arts,2,39,NULL,NULL
460,Audiology,2,17,NULL,NULL
461,Child Development,2,17,NULL,NULL
462,Emergency And Disaster Management ,2,17,NULL,NULL
463,Gerontology,2,17,NULL,NULL
464,Health Management,2,17,NULL,NULL
465,Nutrition & Dietetics,2,17,NULL,NULL
466,Midwifery*,2,17,NULL,NULL
467,Physiotherapy and Rehabilitation,2,17,NULL,NULL
468,Speech And Language Therapy,2,17,NULL,NULL
469,Social Work,2,17,NULL,NULL
470,Occupational Therapy,2,17,NULL,NULL
471,Occupational Health And Safety,2,17,NULL,NULL
472,International Law,2,4,NULL,NULL
473,Law,2,4,NULL,NULL
474,Medicine,2,24,NULL,NULL
475,Nursing,2,40,NULL,NULL
476,Acting,2,41,NULL,NULL
477,Drama Writing,2,41,NULL,NULL
478,theology Studies,2,42,NULL,NULL
479,Pharmacy,2,18,NULL,NULL
480,Veterinary Medicine,2,43,NULL,NULL
481,Justice,2,44,NULL,NULL
482,Gastronomy,2,45,NULL,NULL
483,Tourism And Hotel Management,2,45,NULL,NULL
484,Physical Education And Sports Teaching,2,46,NULL,NULL
485,Recreation,2,46,NULL,NULL
486,Sports Management,2,46,NULL,NULL
487,Sports Trainer Education,2,46,NULL,NULL
,Arts And Crafts Teaching,3,15,NULL,NULL
,Computer Education and Institutional Technology,3,15,NULL,NULL
,Creative Drama In Education,3,15,NULL,NULL
,"Educational Administration, Supervision",3,15,NULL,NULL
,Educational Programs And Instruction,3,15,NULL,NULL
,English Language Teaching,3,15,NULL,NULL
,Environmental  Education And Management,3,15,NULL,NULL
,Folklore Education,3,15,NULL,NULL
,Geography Education,3,15,NULL,NULL
,Guidance And Psychological Counselling,3,15,NULL,NULL
,History Education,3,15,NULL,NULL
,Islamic History,3,15,NULL,NULL
,Human Resources Development In Education ,3,15,NULL,NULL
,Mathematic Education,3,15,NULL,NULL
,Measurement And Evaluation In Education,3,15,NULL,NULL
,Music Education,3,15,NULL,NULL
,Ottoman Palaeograohy And Archiving,3,15,NULL,NULL
,Pre-School Education,3,15,NULL,NULL
,Science Teaching,3,15,NULL,NULL
,Special Education,3,15,NULL,NULL
,Turkish Education,3,15,NULL,NULL
,Security Studies,3,15,NULL,NULL
,Art History,3,15,NULL,NULL
,Criminal Chemistry And Toxicology,3,48,NULL,NULL
,Forensic Psychology,3,48,NULL,NULL
,Architecture,3,26,NULL,NULL
,Artificial Science Engineering,3,26,NULL,NULL
,Biomedical Engineering,3,26,NULL,NULL
,Chemistry ,3,26,NULL,NULL
,Civil Engineering,3,26,NULL,NULL
,Computer Engineering ,3,26,NULL,NULL
,Computer Information Systems,3,26,NULL,NULL
,Construction Management,3,26,NULL,NULL
,Electrical And Electronic Engineering,3,26,NULL,NULL
,Food Engineering,3,26,NULL,NULL
,Information Systems Engineering,3,26,NULL,NULL
,Interior Architecture,3,26,NULL,NULL
,Landscape Architecture,3,26,NULL,NULL
,Mathematics,3,26,NULL,NULL
,Mechanical Engineering,3,26,NULL,NULL
,Mechatronics Engineering,3,26,NULL,NULL
,Petroleum And Natural Gas Engineering,3,26,NULL,NULL
,Physics Engineering,3,26,NULL,NULL
,Software Engineering,3,26,NULL,NULL
,Environmental Sciences and Engineering,3,26,NULL,NULL
,Analytical Chemistry,3,49,NULL,NULL
,Biochemistry,3,49,NULL,NULL
,Clinical Pharmacy,3,49,NULL,NULL
,Pharmacognosy,3,49,NULL,NULL
,Pharmacology,3,49,NULL,NULL
,Phytotherapy,3,49,NULL,NULL
,Pharmaceutical Botany,3,49,NULL,NULL
,Toxicology,3,49,NULL,NULL
,Anatomy,3,50,NULL,NULL
,Biostatistics,3,50,NULL,NULL
,Medical Biochemistry,3,50,NULL,NULL
,Histology and Embriology,3,50,NULL,NULL
,Medical Microbiology and Clinical Microbiology,3,50,NULL,NULL
,Medical Biology And Genetics,3,50,NULL,NULL
,Molecular Medicine,3,50,NULL,NULL
,Occupational Health And Safety,3,50,NULL,NULL
,Physiology,3,50,NULL,NULL
,Midwifery,3,51,NULL,NULL
,Nutrition And Dietetics,3,51,NULL,NULL
,Physical Therapy And Rehabilitation,3,51,NULL,NULL
,Child Health And Pediatric Nursing,3,52,NULL,NULL
,Fundamentals Of Nursing And Nursing Administration,3,52,NULL,NULL
,Internal Medicine Nursing,3,52,NULL,NULL
,Mental Health And Psychiatric Nursing,3,52,NULL,NULL
,Nursing,3,52,NULL,NULL
,Obstetric And Gynecology Nursing,3,52,NULL,NULL
,Surgical Nursing,3,52,NULL,NULL
,Animal Nutrition And Nutritional Diseases,3,53,NULL,NULL
,Food Hygiene And Technology,3,53,NULL,NULL
,Obstetric And Gynecology ,3,53,NULL,NULL
,Veternary Internal Medicine,3,53,NULL,NULL
,Veternary Microbiology,3,53,NULL,NULL
,Zootechnique,3,53,NULL,NULL
,Physical Education And Sports,3,55,NULL,NULL
,Arabic Language And Rhetoric,3,54,NULL,NULL
,Arts And Design,3,54,NULL,NULL
,Banking And Finance,3,54,NULL,NULL
,Banking And Accounting,3,54,NULL,NULL
,Business Administration,3,54,NULL,NULL
,Clinical Psychology,3,54,NULL,NULL
,Dramaturgy,3,54,NULL,NULL
,Economics,3,54,NULL,NULL
,English Language And Literature,3,54,NULL,NULL
,European Union Relations,3,54,NULL,NULL
,Fine Arts And Design,3,54,NULL,NULL
,General Psychology,3,54,NULL,NULL
,Human Resources Management,3,54,NULL,NULL
,Innovation Knowledge Management,3,54,NULL,NULL
,International Business,3,54,NULL,NULL
,International Law,3,54,NULL,NULL
,International Relations,3,54,NULL,NULL
,Maritime Law,3,54,NULL,NULL
,Marketing,3,54,NULL,NULL
,Media And Communication Studies,3,54,NULL,NULL
,Private Law,3,54,NULL,NULL
,Public Law,3,54,NULL,NULL
,Security Studies,3,54,NULL,NULL
,Security Studies(AR),3,54,NULL,NULL
,Tourism Management,3,54,NULL,NULL
,Turkish Language And Literature,3,54,NULL,NULL
,Political Sciences,3,54,NULL,NULL
,Banking And Finance,3,56,NULL,NULL
,Business Administration,3,56,NULL,NULL
,Economics,3,56,NULL,NULL
,Inernational Relations,3,56,NULL,NULL
,Marketing Management,3,56,NULL,NULL
,Computer Education and Instructional Technology,4,47,NULL,NULL
,"Educational Administration, Supervision, Planning & Economics",4,47,NULL,NULL
,Educational Program And Instruction,4,47,NULL,NULL
,English Language Education,4,47,NULL,NULL
,Environmental Education And Management,4,47,NULL,NULL
,Folklore Education,4,47,NULL,NULL
,Guidance And Psychological Counselling,4,47,NULL,NULL
,History Education,4,47,NULL,NULL
,Mathematics Education,4,47,NULL,NULL
,Music Education,4,47,NULL,NULL
,Special Education,4,47,NULL,NULL
,Preschool Education,4,47,NULL,NULL
,Architecture,4,26,NULL,NULL
,Biomedical Engineering,4,26,NULL,NULL
,Chemistry,4,26,NULL,NULL
,Civil Engineering,4,26,NULL,NULL
,Computer Engineering,4,26,NULL,NULL
,Computer Information Systems,4,26,NULL,NULL
,Electrical And Electronics Engineering,4,26,NULL,NULL
,Interior Architecture,4,26,NULL,NULL
,Mathematics ,4,26,NULL,NULL
,Mechanical Engineering,4,26,NULL,NULL
,Petroleum And Natural Gas Engineering,4,26,NULL,NULL
,Physics Engineering,4,26,NULL,NULL
,Endodontics,4,64,NULL,NULL
,Oral & Maxillofacial Surgery,4,64,NULL,NULL
,Orthodontics,4,64,NULL,NULL
,Peridontology,4,64,NULL,NULL
,Prosthodontics,4,64,NULL,NULL
,Analytical Chemistry,4,49,NULL,NULL
,Biochemistry,4,49,NULL,NULL
,Clinical Pharmacy,4,49,NULL,NULL
,Pharmacognosy,4,49,NULL,NULL
,Pharmacology,4,49,NULL,NULL
,Phytotherapy,4,49,NULL,NULL
,Pharmaceutical Botany,4,49,NULL,NULL
,Toxicology,4,49,NULL,NULL
,Allergy And Immunology,4,50,NULL,NULL
,Anatomy,4,50,NULL,NULL
,Biostatistics,4,50,NULL,NULL
,Histology & Embriology,4,50,NULL,NULL
,Medical Biochemistry,4,50,NULL,NULL
,Medical Microbiology and Clinical Microbiology,4,50,NULL,NULL
,Medical Biology And Genetics,4,50,NULL,NULL
,Molecular Medicine,4,50,NULL,NULL
,Health Institutions Administration,4,51,NULL,NULL
,Nutrition And Dietetics,4,51,NULL,NULL
,Physiotherapy And Rehabilitation,4,51,NULL,NULL
,Child Health And Pediatric Nursing,4,52,NULL,NULL
,Fundamentals Of Nursing And Nursing Administration,4,52,NULL,NULL
,Internal Medicine Nursing,4,52,NULL,NULL
,Mental Health And Psychiatric Nursing,4,52,NULL,NULL
,Nursing,4,52,NULL,NULL
,Obstetric And Gynecology Nursing,4,52,NULL,NULL
,Gurgical Nursing,4,52,NULL,NULL
,Obstetric And Gynecology,4,53,NULL,NULL
,Zootechnique,4,53,NULL,NULL
,Physical Education & Sports,4,55,NULL,NULL
,Arts And Design,4,54,NULL,NULL
,Banking And Finance,4,54,NULL,NULL
,Business Administration ,4,54,NULL,NULL
,Clinical Psychology,4,54,NULL,NULL
,Economics,4,54,NULL,NULL
,General Psychology,4,54,NULL,NULL
,Innovation and Knowledge Management,4,54,NULL,NULL
,Media And Communication Studies,4,54,NULL,NULL
,Private Law,4,54,NULL,NULL
,Political Sciences And International Relations,4,54,NULL,NULL
,Public Law,4,54,NULL,NULL
,Banking And Finance,4,56,NULL,NULL
,Economics,4,56,NULL,NULL
,International Relations,4,56,NULL,NULL
,Elderly Care,1,10,NULL,NULL
,Cookery,1,57,NULL,NULL
,Civil Aviation Cabin Services,1,30,NULL,NULL
,Civil Air Transportation Management,1,30,NULL,NULL
,Maritime transportation Management,1,58,NULL,NULL
,Maritime Management And Operations,1,58,NULL,NULL
,Ship Machinery,1,58,NULL,NULL
,Applied English Translation,1,59,NULL,NULL
,Maritime Management,2,60,NULL,NULL
,Maritime Transport Management Engineering,2,60,NULL,NULL
,Marine Engineering,2,60,NULL,NULL
,Dentistry ,2,25,NULL,NULL
,Psychological Counselling and Guidance*,2,15,NULL,NULL
,Turkish Language Teaching*,2,15,NULL,NULL
,Social Education teaching*,2,15,NULL,NULL
,English Language Teaching,2,15,NULL,NULL
,Psychology,2,20,NULL,NULL
,Aeronautical Engineering,2,61,NULL,NULL
,Pilotage-professional Pilot training,2,61,NULL,NULL
,Aviation Management,2,61,NULL,NULL
,Law,2,4,NULL,NULL
,International Business Administration,2,21,NULL,NULL
,International Relations,2,21,NULL,NULL
,Banking And Finance,2,21,NULL,NULL
,Logistics Management,2,21,NULL,NULL
,Tourism Management,2,21,NULL,NULL
,Architecture*,2,23,NULL,NULL
,Interior Architecture*,2,23,NULL,NULL
,Mechanical Engineering,2,14,NULL,NULL
,Computer Engineering,2,14,NULL,NULL
,Electrical And Electronic engineerig,2,14,NULL,NULL
,Civil Engineering,2,14,NULL,NULL
,Software Engineering,2,14,NULL,NULL
,Pharmacy,2,18,NULL,NULL
,Physiotherapy and Rehabilitation,2,17,NULL,NULL
,Nursing,2,17,NULL,NULL
,Nutrition And Dietics,2,17,NULL,NULL
,Medicine,2,24,NULL,NULL
,Gastronomy and Cullinary Arts,2,63,NULL,NULL
,Maritime Transportation and Management Engineering,3,26,NULL,NULL
,Big Data Analysis,3,26,NULL,NULL
,Business Administration,3,54,NULL,NULL
,Aviation Management,3,54,NULL,NULL
,Banking And Finance,3,54,NULL,NULL
,International Relations,3,54,NULL,NULL
,Clinical Embrology,3,17,NULL,NULL
,Maritime Transportation and Management Engineering,4,26,NULL,NULL
,Immunology-Allergy,4,17,NULL,NULL
,International Relations,2,38,NULL,NULL
,Political science and Public Administration,2,38,NULL,NULL
,Business Administration,2,38,NULL,NULL
,International Hospitality and tourism ,2,38,NULL,NULL
,Management Information Systems,2,38,NULL,NULL
,Psychology,2,38,NULL,NULL
,International Law,2,4,NULL,NULL
,Plastic Arts,2,5,NULL,NULL
,Architecture,2,14,NULL,NULL
,Software Engineering,2,14,NULL,NULL
,Civil engineering,2,14,NULL,NULL
,Nursing,2,17,NULL,NULL
,Politcal Science and International Relations,3,28,NULL,NULL
,Business Administration ,3,28,NULL,NULL
,International Hospitality And Tourism Management ,3,28,NULL,NULL
,International Relations,4,28,NULL,NULL
,Public Administration,4,28,NULL,NULL
